GeoJSON,GeoTIFF
https://www.dropbox.com/sh/ct3s1x2a846x3yl/AAARCAOqhcRdoU7ULOb9GJl9a/grid_001.geojson?dl=1,https://oin-hotosm.s3.amazonaws.com/5afeda152b6a08001185f11a/0/5afeda152b6a08001185f11b.tif
https://www.dropbox.com/sh/ct3s1x2a846x3yl/AADtSLtWlp1WWBzok4j8QDtTa/grid_022.geojson?dl=1,https://oin-hotosm.s3.amazonaws.com/5ae242fd0b093000130afd26/0/5ae242fd0b093000130afd27.tif
https://www.dropbox.com/sh/ct3s1x2a846x3yl/AAAvAgdJLgURi6y0V_R7b77Na/grid_023.geojson?dl=1,https://oin-hotosm.s3.amazonaws.com/5ae242fd0b093000130afd46/0/5ae242fd0b093000130afd47.tif
https://www.dropbox.com/sh/ct3s1x2a846x3yl/AAAQlsJdp4WYiUwfd0o4mqoNa/grid_028.geojson?dl=1,https://oin-hotosm.s3.amazonaws.com/5ae242fd0b093000130afd34/0/5ae242fd0b093000130afd35.tif
https://www.dropbox.com/sh/ct3s1x2a846x3yl/AADHytc8fSCf3gna0wNAW3lZa/grid_029.geojson?dl=1,https://oin-hotosm.s3.amazonaws.com/5ae242fd0b093000130afd38/0/5ae242fd0b093000130afd39.tif
https://www.dropbox.com/sh/ct3s1x2a846x3yl/AADsRwTo35luDWb4FcKhAotaa/grid_035.geojson?dl=1,https://oin-hotosm.s3.amazonaws.com/5ae242fd0b093000130afd42/0/5ae242fd0b093000130afd43.tif
https://www.dropbox.com/sh/ct3s1x2a846x3yl/AABX9puJlaKE25JJ9YAkF-Bta/grid_036.geojson?dl=1,https://oin-hotosm.s3.amazonaws.com/5ae242fd0b093000130afd40/0/5ae242fd0b093000130afd41.tif
https://www.dropbox.com/sh/ct3s1x2a846x3yl/AACAIX76YnY7YF-qqJ_4NBPwa/grid_042.geojson?dl=1,https://oin-hotosm.s3.amazonaws.com/5ae318220b093000130afd64/0/5ae318220b093000130afd65.tif
https://www.dropbox.com/sh/ct3s1x2a846x3yl/AADYKa21pfgqygaPI7-k_Gp7a/grid_043.geojson?dl=1,https://oin-hotosm.s3.amazonaws.com/5ae318220b093000130afd6a/0/5ae318220b093000130afd6b.tif
https://www.dropbox.com/sh/ct3s1x2a846x3yl/AADTfD4iO7iShsBU_DI3vsaga/grid_049.geojson?dl=1,https://oin-hotosm.s3.amazonaws.com/5ae318220b093000130afd62/0/5ae318220b093000130afd63.tif
https://www.dropbox.com/sh/ct3s1x2a846x3yl/AABBphDWEHz71zdoeNYRAyeha/grid_050.geojson?dl=1,https://oin-hotosm.s3.amazonaws.com/5ae318220b093000130afd92/0/5ae318220b093000130afd93.tif
https://www.dropbox.com/sh/ct3s1x2a846x3yl/AACjRwga-dJY1dud1Kfq64Fsa/grid_051.geojson?dl=1,https://oin-hotosm.s3.amazonaws.com/5ae318220b093000130afd70/0/5ae318220b093000130afd71.tif
https://www.dropbox.com/sh/ct3s1x2a846x3yl/AADY5M0XSZphjFNfwmFli_baa/grid_058.geojson?dl=1,https://oin-hotosm.s3.amazonaws.com/5ae318220b093000130afd7c/0/5ae318220b093000130afd7d.tif